address,block,name
0xa943ea143cd7e79806d670f4a7cf08f8922a454f,6920000,uranium
0x3de669c4f1f167a8afbc9993e4753b84b576426f,7048832,spartan
0xd4bbf439d3eab5155ca7c0537e583088fb4cfce8,7223029,valuedefi
0xb390b07fcf76678089cb12d8e615d5fe494b01fb,7457124,bearn
0x633e538ecf0bee1a18c2edfe10c4da0d6e71e77b,7556330,pancakebunny
0x7ac55ac530f2c29659573bde0700c6758d69e677,7781159,burgerswap
0x32dffc3fe8e3ef3571bf8a72c0d0015c5373f41d,7785586,julswap
0x109ea28dbdea5e6ec126fbc8c33845dfe812a300,7962338,pancakehunny
0x27dd6e51bf715cfc0e2fe96af26fc9ded89e4be8,8530973,eleven
0x1bf7fe7568211ecff68b6bc7ccad31ecd8fe8092,8589725,xwin
0xa79fe386b88fbee6e492eeb76ec48517d1ec759a,9728755,waultfinance
0xe1e1aa58983f6b8ee8e4ecd206cea6578f036c21,10087723,xsurge
0xd0fbf0a224563d5ffc8a57e4fda6ae080ebcf3d3,12653565,nervebridge
0x844fa82f1e54824655470970f7004dd90546bb28,12886415,ploutoz
0x633fa755a83b015cccdc451f82c57ea0bd32b4b4,16008280,paraluni
0x1befe6f3f0e8edd2d4d15cae97baee01e51ea4a4,16798806,gym_1
0x8b7218cf6ac641382d7c723de8aa173e98a80196,16841980,cftoken
0xd55f01b4b51b7f48912cd8ca3cdd8070a1a9dba5,16956474,rikkei
0xe7748fce1d1e2f2fd2dddb5074bd074745dda8ea,17132514,zeed
0x46ba8a59f4863bd20a066fd985b163235425b5f9,17248705,wdoge
0x94e06c77b02ade8341489ab9a23451f68c13ec1c,18073756,hackdao
0x6fb2020c236bbd5a7ddeb07e14c9298642253333,18225002,novo
0xe732a7bd6706cbd6834b300d7c56a8d2096723a7,18446845,discover
0xa8987285e100a8b557f06a7889f79e0064b359f2,18501049,gym_2
0x2287c04a15bb11ad1358ba5702c1c95e2d13a5e0,19523980,spacegodzilla
0x1e813fa05739bf145c1f182cb950da7af046778d,19852596,lpc
0x65f11b2de17c4af7a8f70858d6ccb63aac215697,20120884,qixi
0x1292267f726e6f313972ec4e14578735473e1649,20147974,etnproduct
0x34bd6dba456bc31c2b3393e499fa10bed32a9370,20245522,egd_finance
0xa4f5d4afd6b9226b3004dd276a9f778eb75f2e9e,20302534,anch
0x443195aa3a4357242a7427fc8ce5f20c1e71fcb1,20840079,ddc
0x10bc28d2810dd462e16facff18f78783e859351b,20969095,shadowfi
0xe48b75dc1b131fd3a8364b0580f76efd04cf6e9c,21143795,roi
0xb75ca3c3e99747d0e2f6e75a9fbd17f5ac03cebe,21179209,dpc
0x27539b1dee647b38e1b987c41c5336b1a8dce663,21727289,bxh
0xae191ca19f0f8e21d754c6cab99107ed62b6fe53,21785004,thb
0x335ddce3f07b0bdafc03f56c1b30d3b269366666,21794289,rl
0x5c9f1a9ced41ccc5dcecda5afc317b72f1e49636,21811979,babyswap
0xeccd8b08ac3b587b7175d40fb9c60a20990f8d21,21948016,res
0xcff086ead392ccb39c49ecda8c974ad5238452ac,22055611,carrot
0x9cb928bf50ed220ac8f703bce35be5ce7f56c99c,22102838,atk
0xea51801b8f5b88543ddad3d1727400c15b209d8f,22169169,inuko
0x29b2525e11bc0b0e9e59f705f318601ea6756645,22252045,pltd
0xe9bc03ef08e991a99f1bd095a8590499931dcc30,22280853,hpay
0xc342774492b54ce5f8ac662113ed702fc1b34972,22315679,bego
0x32b166e082993af6598a89397e82e123ca44e74e,22337425,health
0xae975a25646e6eb859615d0a147b909c13d31fed,22476695,ulme
0xc6548caf18e20f88cc437a52b6d388b0d54d830d,22535101,vtf
0xb2b1dc3204ee8899d6575f419e72b53e370f6b20,22629431,bdex
0x489afbaed0ea796712c9a6d366c16ca3876d8184,22832427,moocakectx
0x4726010da871f4b57b5031e3ea48bde961f122aa,23089184,sheepfarm2
0x5dfc7f3ebbb9cbfe89bc3fb70f750ee229a59f8c,23106506,bbox
0x02d841b976298dcd37ed6cc59f75d9dd39a3690c,23120167,uearnpool
0xe65e970f065643ba80e5822edff483a1d75263e3,23165446,annex
0x6666625ab26131b490e7015333f97306f05bf816,23241440,sdao
0x70678291bddfd95498d1214be368e19e882f7614,23282134,aur
0x6bc9b4976ba6f8c9574326375204ee469993d038,23467515,seaman
0x4e87880a72f6896e7e0a635a5838ffc89b13bd17,23474460,mbc_zzsh
0x3aa2b9de4ce397d93e11699c3f07b769b210bbd5,23639507,nmbplatform
0x26f1457f067bf26881f311833391b52ca871a4b5,23649423,rfb
0xddc0cff76bcc0ee14c3e73af630c029fe020f907,23695904,aes
0x8a6f7834a9d60090668f5db33fec353a7fb4704b,23778726,tifi
0xe445654f3797c5ee36406dbe88fbaa0dfbddb2bb,23844529,bgld
0x2b806e6d78d8111dd09c58943b9855910bade005,24349821,dfs
0xc1bb12560468fb255a8e8431bdf883cc4cb3d278,24449918,gds
0x449fea37d339a11efe1b181e5d5462464bba3752,24655771,bra
0xf887a2dac0dd432997c970bce597a94ead4a8c25,24705058,ufdao
0x6f40a3d0c89cffdc8a1af212a019c220a295e9bb,24850696,omniestate
0xc6cb12df4520b7bf83f64c79c585b8462e18b6aa,25230702,bevo
0x1954b6bd198c29c3ecf2d6f6bc70a4d41ea1cc07,25430418,fdp
0x0025b42bfc22cbba6c02d23d4ec2abfcf6e014d4,25543755,sheep
0x518281f34dbf5b76e6cdd3908a6972e8ec49e345,25729304,starlink
0xa7b5eabc3ee82c585f5f4ccc26b81c3bd62ff3a9,25879486,dyna
0x8bfaa473a899439d8e07bf86a8c6ce5de42fe54b,26475403,poolz
0xd3d4b46db01c006fb165879f343fc13174a1ceeb,26685503,bigfi
0xbf5baea5113e9eb7009a6680747f2c7569dfc2d6,26745691,dbw
0x42981d0bfbaf196529376ee702f2a9eb9092fcb5,26854757,safemoon
0x7e6c2522fee4e74a0182b9c6159048361bc3260a,26982067,allbridge
0x179aad597399b9ae078acfe2b746c09117799ca0,26982067,allbridge_2
0xb5a0ce3acd6ec557d39afdcbc93b07a1e1a9e3fa,27470678,olife
0x2c25aee99ed08a61e7407a5674bc2d1a72b5d8e3,27620320,axioma
0xa3f5ea945c4970f48e322f1e70f4cc08e70039ee,27784455,snk
0x977087422c008233615b572fbc3f209ed300063a,27830139,level
0x5abde8b434133c98c36f4b21476791d95d888bf5,27863177,neverfall
0x9a1aef8c9ada4224ad774afdac07c24955c92a54,27960445,melo
0x274b3e185c9c8f4ddef79cb9a8dc0d94f73a7675,28092673,sellc
0x7b8c378df8650373d82ceb1085a18fe34031784f,28133285,lw
0x57db19127617b77c8abd9420b5a35502b59870d6,28168034,selltoken
0x9d6d817ea5d4a69ff4c4509bea8f9b2534cec108,28176675,bitpaidio
0xeaf83465025b4bf9020fdf9ea5fb6e71dc8a0779,28187317,sellc02
0x8bc6ce23e5e2c4f0a96429e3c9d482d74171215e,28466976,cs
0xc748673057861a797275cd8a068abb95a902e8de,28593354,babydogecoin
0xf3f1abae8bfeca054b330c379794a7bf84988228,28637846,fapen
0xb4e47c13db187d54839cd1e08422af57e5348fc1,28708273,cellframe
0xb3a636ac4c271e6cd962cad98eae9cf71f5a49c8,28714107,ddcoin
0xfeafe253802b77456b4627f8c2306a9cebb5d681,28864173,un
0x84be9475051a08ee5364fba44de7fe83a5ecc4f1,29005754,sellc03
0xdd9b223aec6ea56567a62f21ff89585ff125632c,29116478,cfc
0xc54aaecf5fa1b6c007d019a9d14dfb4a77cc3039,29304627,bunn
0xaf0ca21363219c8f3d8050e7b61bb5f04e02f8d4,29365171,shido_2
0xdb103fd28ca4b18115f5ce908baaeed7e0f1f101,29554343,myai
0x839b0afd0a0528ea184448e890cbaaffd99c1dbf,29554461,biswap
0xed56784bc8f2c036f6b0d8e04cb83c253e4a6a94,29668034,bamboo
0xdec12a1dcbc1f741ccd02dfd862ab226f6383003,29756866,lusd
0x1f415255f7e2a8546559a553e962de7bc60d7942,29891709,wgpt
0xb8dc09eec82cab2e86c7edc8dd5882dd92d22411,30043573,newfi
0xdca503449899d5649d32175a255a8835a03e4006,30056629,bno
0xb47955b5b7eaf49c815ebc389850eb576c460092,30072293,apedao
0x80121da952a74c06adc1d7f85a237089b57af347,30113117,ffist
0xb1da08c472567eb0ec19639b1822f578d39f3333,30119396,utopia
0xf075c5c7ba59208c0b9c41afccd1f60da9ec9c37,30165901,sut
0xdbf1c56b2ad121fe705f9b68225378aa6784f3e5,30214253,mintofinance
0xd990094a611c3de34664dd3664ebf979a1230fc1,30248637,palmswap
0x6b869795937dd2b6f4e03d5a0ffd07a8ad8c095b,30448986,gymnet
0x37e42b961ae37883bac2fc29207a5f88efa5db66,31108558,gss
0x64f291de10ecd36d5f7b64aaebc70943cface28e,31273018,eac
0x0fdfcfc398ccc90124a0a41d920d6e2d0bd8ccf5,31528197,hct
0x595eac4a0ce9b7175a99094680fbe55a774b5464,31599443,bfctoken
0xc98e183d2e975f0567115cb13af893f0e3c0d0bd,32021099,kub_split
0xfadda925e10d07430f5d7461689fd90d3d81bb48,32086900,xsdwethpool
0x12b3b6b1055b8ad1ae8f60a0b6c79a9825bcb4bc,32429591,zs
0xcc61cc9f2632314c9d452aca79104ddf680952b5,32512073,bh
0x7bacb1c805cbbf7c4f74556a4b34fde7793d0887,32820951,openleverage
0xa2b8a15a07385ea933088c6bcbb38b84c1051a58,33053187,laeeb
0x33adbf5f1ec364a4ea3a5ca8f310b597b8afdee3,33112358,swampfinance
0xd74f28c6e0e2c09881ef2d9445f158833c174775,33132467,3913
0xe613c058701c768e0d04d1bf8e6a6dc1a0c6d48a,33260104,trustpad
0x570ce7b89c67200721406525e1848bca6ff5a6f3,33503556,xai
0xe1747a23c44f445062078e3c528c9f4c28c50a51,33503911,ehx
0x13b1f2e227ca6f8e08ac80368fd637f5084f10a5,33528882,shibatoken
0xd672b766d66662f5c6fd798a999e1193a7945451,33549937,weco
0x4826e896e39dc96a8504588d21e9d44750435e2d,33874498,fiberrouter
0x6844ef18012a383c14e9a76a93602616ee9d6132,33916687,ais
0x5813d7818c9d8f29a9a96b00031ef576e892def4,34083188,mamo
0x21125d94cfe886e7179c8d2fe8c1ea8d57c73e0e,34099688,bearndao
0x88b3eb62e363d9f153beab49c5c2ef2e785a375a,34204709,bct
0x7dda132dd57b773a94e27c5caa97834a73510429,34402343,kest
0x700ee24c350739e323dcf6a50ae3e7a3329c86ae,34428627,bob
0xb38c2d2d6a168d41aa8eb4cead47e01badbdcf57,34905161,mic
0x31bfa137c76561ef848c2af9ca301b60451caac0,35702095,xsij
0x4fb9657ac5d311dd54b37a75cfb873b127eb21fd,35858189,burnsdefi
0x2ba9d4a8c41c60b71ff7df2c3f54b008644b954e,36111182,miner_bsc
0x5e5e28029ef37fc97ffb763c4ac1f532bbd4c7a2,36145771,dualpools
0xedecfa18cae067b2489a2287784a543069f950f4,36725819,tgbs
0xd188492217f09d18f2b0ece3f8948015981e961a,36727073,alp
0xe56842ed550ff2794f010738554db45e60730371,36864394,binemon
0x1ac5fac863c0a026e029b173f2ae4d33938ab473,36934258,it
0xde698b5bbb4a12ddf2261bbdf8e034af34399999,37221235,ark
0x17bd2e09fa4585c15749f40bb32a6e3db58522ba,37400484,ethfin
0xf436f8fe7b26d87eb74e5446acec2e8ad4075e47,37470328,openleverage2
0xa5957e0e2565dc93880da7be32abcbdf55788888,37483300,atm
0xc0afd0e40bb3dcaebd9451aa5c319b745bf792b4,37569860,wsm
0xd309f0fd5c3b90ecfb7024ede7d329d9582492c5,37672969,squid
0x3da4828640ad831f3301a4597821cc3461b06678,37680754,ups
0xe8a290c6fc6fa6c0b79c9cfae1878d195aeb59af,37795991,fil314
0x11cee747faaf0c0801075253ac28ab503c888888,37854043,hackathon
0xbcbcb0e7e28414e084c4a40c1ccc30b75629a7de,37857763,gfa
0x80a0d7a6fd2a22982ce282933b384568e5c852bf,37880387,chaingefinance
0xfd80a436da2f4f4c42a5dbfa397064cfeb7d9508,37914433,satx
0xb000f121a173d7dd638bb080fee669a2f3af9760,38077210,z123
0x4edda16ab4f4cc46b160abc42763ba63885862a4,38126753,yiedl
0xa608985f5b40cdf6862bec775207f84280a91e3a,38167372,ngfs
0x810f4c6ae97bcc66da5ae6383cc31bd3670f6d13,38474365,osn
0xf51cbf9f8e089ca48e454eb79731037a405972ce,38539572,gpu
0x71e3056aa4985de9f5441f079e6c74454a3c95f0,39079951,redkeyscoin
0xe9d1d2a27458378dd6c6f0b2c390807aed2217ca,39104878,tradeonorion
0xdf4895cd8247284ae3a7b3e28cf6c03113fada5f,39123756,excommunity
0xef1f39d8391cddcaee62b8b383cb992f46a6ce4f,39141426,metadragon
0x028c911c10c9e346158206991e02d09bd0a8a35b,39198657,liquiditytokens
0x9601313572ecd84b6b42dbc3e47bc54f8177558e,39253639,ncd
0xb7d0a1adafa3e9e8d8e244c20b6277bee17a09b6,39381373,steamswap
0xee6de822159765daf0fd72d71529d7ab026ec2f2,39651175,crb2
0x2b9bda587ee04fe51c5431709afbafb295f94bb4,39684702,dyson_money
0x80df77b2ae5828ff499a735ee823d6cd7cf95f5a,39729927,incufi
0x566777ed780dbbe17c130ae97b9fbc0a3ab829df,39979796,will
0x35f5cef517317694df8c50c894080caa8c92af7d,40122169,mrp
0xabc6e5a63689b8542dbdc4b4f39a7e00d4ac30c8,40287544,lw2
0x2b45dd1d909c01aad96fa6b67108d691b432f351,40378159,sbt
0x2607118d363789f841d952f02e359bfa483955f9,41289497,ivestdao
0x7057f3b0f4d0649b428f0d8378a8a0e7d21d36a7,42131696,caterpillar_coin_cut
0x564d4126af2b195ffaa7fb470ed658b1d9d07a54,42481610,bankroll
0xbe779d420b7d573c08eee226b9958737b6218888,42846997,aizpttoken
0xa2268fcc2fe7a2bb755fbe5a7b3ac346ddfedb9b,42985310,hydt
0x493361d6164093936c86dcb35ad03b4c0d032076,43305237,vista
0xa7e92345ddf541aa5cf60fee2a0e721c50ca1adb,44290969,dcf_token
0x061944c0f3c2d7dabafb50813efb05c4e0c952e1,44555337,pledge
0x2ff960f1d9af1a6368c2866f79080c1e0b253997,44751944,labubu
0xb040d88e61ea79a1289507d56938a6ad9955349c,45462897,98_token
0x1962b3356122d6a56f978e112d14f5e23a25037d,45519929,mosca
0xeab0d46682ac707a06aefb0ac72a91a3fd6fe5d1,45561315,ipc
0x6bbef6df8db12667ae88519090984e4f871e5feb,45583892,lp_mine
0x384b9fb6e42dab87f3023d87ea1575499a69998e,45640245,j_pulsepot
0xf573748637e0576387289f1914627d716927f90f,45668285,roulette_pot_v2
0xd8791f0c10b831b605c5d48959eb763b266940b9,45722243,mosca2
0xc10e0319337c7f83342424df72e73a70a29579b2,45964639,ast
0x09762e00ce0de8211f7002f70759447b1f2b1892,47169115,pump
0xe9c4d4f095c7943a9ef5ec01afd1385d011855a1,47454898,h2o
0xd511096a73292a7419a94354d4c1c73e8a3cd851,47469059,w_key_dao
0x67ca347e7b9387af4e81c36cca4eaf080dcb33e9,47626456,bbx_token
0x7fdff64bf87bad52e6430bda30239bd182389ee3,47838544,yzi_ai_token
0x0fc91b6fea2e7a827a8c99c91101ed36c638521b,48472355,btnft
0x42e2773508e2ae8ff9434bea599812e28449e2cd,48703545,lifeprotocol
0xdbead75d3610209a093af1d46d5296bbeffd53f5,49875423,krc_token_pair
0x746727fc8212ed49510a2cb81ab0486ee6954444,49994891,irys_ai
0x3612e4cb34617bcac849add27366d8d85c102efd,50273545,ydt_token
0x16d0a151297a0393915239373897bcc955882110,51698203,bankroll_stack
0xadefb902cab716b8043c5231ae9a50b8b4ee7c4e,51715417,bankroll_network
0xe968d2e4adc89609773571301abec3399d163c3b,51782712,gangsterfinance
0xb192d4a737430aa61cea4ce9bfb6432f7d42592f,52624700,fpc
0xc321ac21a07b3d593b269acdace69c3762ca2dd0,52974382,rant_token
0x99855380e5f48db0a6babeae312b80885a816dce,54653986,stepp2p
0x3da0f00d5c4e544924bc7282e18497c4a4c92046,55371342,multicall_with_eth
0x21ab8943380b752306abf4d49c203b011a89266b,57478533,grizzifi
0x664201579057f50d23820d20558f4b61bd80bdda,57744490,pdz
0xca11bde05977b3631167028862be2a173976ca11,58269337,multicall_with_xera
0x1bc016c00f8d603c41a582d5da745905b9d034e5,58615054,abcc_app
