address,chain,deploy_block,deploy_ts,deploy_date,deploy_month
0x09a80172ed7335660327cd664876b5df6fe06108,mainnet,5417094,1523389343,2018-04-10,2018-04
0x3d9819210a31b4961b30ef54be2aed79b9c9cd3b,mainnet,7710671,1557191237,2019-05-07,2019-05
0x0eee3e3828a45f7601d5f54bf49bb01d1a9df5ea,mainnet,8295432,1565072217,2019-08-06,2019-08
0x50f5474724e0ee42d9a4e711ccfb275809fd6d4a,mainnet,9048219,1575445915,2019-12-04,2019-12
0x204b937feaec333e9e6d72d35f1d131f187ecea1,mainnet,9224824,1578286607,2020-01-06,2020-01
0x83f798e925bcd4017eb265844fddabb448f1707d,mainnet,9465216,1581470508,2020-02-12,2020-02
0xde46fcf6ab7559e4355b8ee3d7fba0f2730cddd8,mainnet,10074195,1589592695,2020-05-16,2020-05
0x0e511aa1a137aad267dfe3a6bfca0b856c1a3682,mainnet,10160718,1590755833,2020-05-29,2020-05
0x5f58058c0ec971492166763c8c22632b583f667f,mainnet,10276977,1592313072,2020-06-16,2020-06
0xe7597f774fd0a15a617894dc39d45a28b97afa4f,mainnet,10336437,1593107881,2020-06-25,2020-06
0xf5140fc35c6f94d02d7466f793feb0216082d7e5,mainnet,10518850,1595548921,2020-07-24,2020-07
0x4d4d05e1205e3a412ae1469c99e0d954113aa76f,mainnet,10540795,1595842745,2020-07-27,2020-07
0x951d51baefb72319d9fbe941e1615938d89abfe2,mainnet,10563480,1596146843,2020-07-30,2020-07
0x3d5bc3c8d13dcb8bf317092d84783c2697ae9258,mainnet,10579797,1596363502,2020-08-02,2020-08
0xacd43e627e64355f1861cec6d3a6688b31a6f952,mainnet,10650116,1597301808,2020-08-13,2020-08
0xb983e01458529665007ff7e0cddecdb74b967eb6,mainnet,10785086,1599093312,2020-09-03,2020-09
0x7f3fe9d492a9a60aebb06d82cba23c6f32cad10b,mainnet,10785097,1599093390,2020-09-03,2020-09
0x7ac55ac530f2c29659573bde0700c6758d69e677,bsc,602343,1600478809,2020-09-19,2020-09
0x32dffc3fe8e3ef3571bf8a72c0d0015c5373f41d,bsc,652241,1600628503,2020-09-20,2020-09
0x3de669c4f1f167a8afbc9993e4753b84b576426f,bsc,847565,1601214475,2020-09-27,2020-09
0x35a254223960c18b69c0526c46b013d022e93902,mainnet,10952450,1601316265,2020-09-28,2020-09
0x12392f67bdf24fae0af363c24ac620a2f67dad86,mainnet,11008385,1602071129,2020-10-07,2020-10
0xf0358e8c3cd5fa238a29301d0bea3d63a17bedbe,mainnet,11086842,1603116154,2020-10-19,2020-10
0x4deca517d6817b6510798b7328f2314d3003abac,mainnet,11103280,1603333553,2020-10-22,2020-10
0x6847259b2b3a4c17e7c43c54409810af48ba5210,mainnet,11109198,1603411456,2020-10-23,2020-10
0x489afbaed0ea796712c9a6d366c16ca3876d8184,bsc,1717330,1603824289,2020-10-27,2020-10
0xaf274e912243b19b882f02d731dacd7cd13072d0,mainnet,11213934,1604800849,2020-11-08,2020-11
0xe0b94a7bb45dd905c79bb1992c9879f40f1caed5,mainnet,11291560,1605829775,2020-11-19,2020-11
0xf00a38376c8668fc1f3cd3daeef42e0e44a7fcdb,mainnet,11372002,1606898354,2020-12-02,2020-12
0xb5599f568d3f3e6113b286d010d2bca40a7745aa,mainnet,11400442,1607274731,2020-12-06,2020-12
0xe11fc0b43ab98eb91e9836129d1ee7c3bc95df50,mainnet,11626958,1610279842,2021-01-10,2021-01
0xa0ff0e694275023f4986dc3ca12a6eb5d6056c62,mainnet,11690352,1611120210,2021-01-20,2021-01
0xe3334e66634acf17b2b97ab560ec92d6861b25fa,mainnet,11699105,1611236196,2021-01-21,2021-01
0x91383a15c391c142b80045d8b4730c1c37ac0378,mainnet,11716328,1611464526,2021-01-24,2021-01
0x765b8d7cd8ff304f796f4b6fb1bcf78698333f6d,mainnet,11737078,1611740698,2021-01-27,2021-01
0xc0a6b8c534fad86df8fa1abb17084a70f86eddc1,mainnet,11765808,1612122628,2021-01-31,2021-01
0xb276647e70cb3b81a1ca302cf8de280ff0ce5799,mainnet,11800232,1612581387,2021-02-06,2021-02
0x2db6c82ce72c8d7d770ba1b5f5ed0b6e075066d6,mainnet,11820452,1612850081,2021-02-09,2021-02
0xb390b07fcf76678089cb12d8e615d5fe494b01fb,bsc,4833151,1613184728,2021-02-13,2021-02
0x1bf7fe7568211ecff68b6bc7ccad31ecd8fe8092,bsc,4902105,1613391744,2021-02-15,2021-02
0xf0b7de03134857391d8d43ed48e20edf21461097,mainnet,11870901,1613519583,2021-02-16,2021-02
0x7fcb7dac61ee35b3d4a51117a7c58d53f0a8a670,mainnet,11915883,1614116468,2021-02-23,2021-02
0x051ebd717311350f1684f89335bed4abd083a2b6,mainnet,11932747,1614341266,2021-02-26,2021-02
0xae60ac8e69414c2dc362d0e6a03af643d1d85b92,mainnet,11940089,1614438883,2021-02-27,2021-02
0xe9d1d2a27458378dd6c6f0b2c390807aed2217ca,bsc,5277059,1614529905,2021-02-28,2021-02
0x21125d94cfe886e7179c8d2fe8c1ea8d57c73e0e,bsc,5324911,1614674002,2021-03-02,2021-03
0xd4bbf439d3eab5155ca7c0537e583088fb4cfce8,bsc,5408817,1614930727,2021-03-05,2021-03
0x33adbf5f1ec364a4ea3a5ca8f310b597b8afdee3,bsc,5529217,1615292115,2021-03-09,2021-03
0xc342774492b54ce5f8ac662113ed702fc1b34972,bsc,5559917,1615384436,2021-03-10,2021-03
0x564d4126af2b195ffaa7fb470ed658b1d9d07a54,bsc,5546763,1615344835,2021-03-10,2021-03
0x844fa82f1e54824655470970f7004dd90546bb28,bsc,5988832,1616675212,2021-03-25,2021-03
0xe38b72d6595fd3885d1d2f770aa23e94757f91a1,mainnet,12231755,1618317255,2021-04-13,2021-04
0x765277eebeca2e31912c9946eae1021199b39c61,mainnet,12242619,1618462507,2021-04-15,2021-04
0xa943ea143cd7e79806d670f4a7cf08f8922a454f,bsc,6608851,1618554844,2021-04-16,2021-04
0xc54aaecf5fa1b6c007d019a9d14dfb4a77cc3039,bsc,6743412,1618960244,2021-04-20,2021-04
0x633e538ecf0bee1a18c2edfe10c4da0d6e71e77b,bsc,6786285,1619091907,2021-04-22,2021-04
0x27dd6e51bf715cfc0e2fe96af26fc9ded89e4be8,bsc,6861143,1619319124,2021-04-25,2021-04
0x0025b42bfc22cbba6c02d23d4ec2abfcf6e014d4,bsc,6977249,1619669630,2021-04-29,2021-04
0xd0fbf0a224563d5ffc8a57e4fda6ae080ebcf3d3,bsc,7281565,1620601354,2021-05-09,2021-05
0xb2b1dc3204ee8899d6575f419e72b53e370f6b20,bsc,7315017,1620715936,2021-05-11,2021-05
0xc6cb12df4520b7bf83f64c79c585b8462e18b6aa,bsc,7610858,1621628156,2021-05-21,2021-05
0xc748673057861a797275cd8a068abb95a902e8de,bsc,7607365,1621617676,2021-05-21,2021-05
0xc748673057861a797275cd8a068abb95a902e8de,bsc,7607365,1621617676,2021-05-21,2021-05
0xc310e760778ecbca4c65b6c559874757a4c4ece0,mainnet,12505457,1621972089,2021-05-25,2021-05
0x109ea28dbdea5e6ec126fbc8c33845dfe812a300,bsc,7906245,1622518260,2021-06-01,2021-06
0x5c9f1a9ced41ccc5dcecda5afc317b72f1e49636,bsc,7938801,1622616245,2021-06-02,2021-06
0xbb02a884621fb8f5bfd263a67f58b65df5b090f3,mainnet,12558960,1622688697,2021-06-03,2021-06
0x46ba8a59f4863bd20a066fd985b163235425b5f9,bsc,7962097,1622686363,2021-06-03,2021-06
0xb5a0ce3acd6ec557d39afdcbc93b07a1e1a9e3fa,bsc,8008368,1622825669,2021-06-04,2021-06
0x31a4f372aa891b46ba44dc64be1d8947c889e9c6,mainnet,12571306,1622853409,2021-06-05,2021-06
0x1954b6bd198c29c3ecf2d6f6bc70a4d41ea1cc07,bsc,8035469,1622907153,2021-06-05,2021-06
0x6b7a87899490ece95443e979ca9485cbe7e71522,mainnet,12657964,1624013046,2021-06-18,2021-06
0x2d0e64b6bf13660a4c0de42a0b88144a7c10991f,mainnet,12666499,1624128335,2021-06-19,2021-06
0x245a551ee0f55005e510b239c917fa34b41b3461,mainnet,12672708,1624212418,2021-06-20,2021-06
0x8f9036732b9aa9b82d8f35e54b71faeb2f573e2f,mainnet,12698489,1624560074,2021-06-24,2021-06
0xe968d2e4adc89609773571301abec3399d163c3b,bsc,8733023,1625011422,2021-06-30,2021-06
0x16d0a151297a0393915239373897bcc955882110,bsc,8842828,1625344185,2021-07-03,2021-07
0x4622aff8e521a444c9301da0efd05f6b482221b8,mainnet,12772139,1625550489,2021-07-06,2021-07
0xadefb902cab716b8043c5231ae9a50b8b4ee7c4e,bsc,8960188,1625698289,2021-07-07,2021-07
0xc9fa8f4cfd11559b50c5c7f6672b9eea2757e1bd,mainnet,12899166,1627266598,2021-07-26,2021-07
0xd45740ab9ec920bedbd9bab2e863519e59731941,mainnet,12905190,1627348593,2021-07-27,2021-07
0xe2fe530c047f2d85298b07d9333c05737f1435fb,mainnet,12914481,1627475806,2021-07-28,2021-07
0x8bfaa473a899439d8e07bf86a8c6ce5de42fe54b,bsc,9573149,1627556708,2021-07-29,2021-07
0xe1e1aa58983f6b8ee8e4ecd206cea6578f036c21,bsc,9596604,1627631263,2021-07-30,2021-07
0xa79fe386b88fbee6e492eeb76ec48517d1ec759a,bsc,9710147,1627983863,2021-08-03,2021-08
0x4c4564a1fe775d97297f9e3dc2e762e0ed5dda0e,mainnet,12992424,1628531690,2021-08-09,2021-08
0xe56842ed550ff2794f010738554db45e60730371,bsc,10299430,1629781437,2021-08-24,2021-08
0xc9f27a50f82571c1c8423a42970613b8dbda14ef,mainnet,13148651,1630617135,2021-09-02,2021-09
0x2320a28f52334d62622cc2eafa15de55f9987ed9,mainnet,13290587,1632514657,2021-09-24,2021-09
0xe68c1d72340aeefe5be76eda63ae2f4bc7514110,mainnet,13346613,1633269306,2021-10-03,2021-10
0xc36a7887786389405ea8da0b87602ae3902b88a1,mainnet,13426664,1634355385,2021-10-16,2021-10
0x17bd2e09fa4585c15749f40bb32a6e3db58522ba,bsc,12128185,1635315662,2021-10-27,2021-10
0xd3c41c85be295607e8ea5c58487ec5894300ee67,mainnet,13521372,1635636037,2021-10-30,2021-10
0x418c24191ae947a78c99fdc0e45a1f96afb254be,mainnet,13617431,1636939528,2021-11-15,2021-11
0xf887a2dac0dd432997c970bce597a94ead4a8c25,bsc,12672117,1636988843,2021-11-15,2021-11
0x1a7981d87e3b6a95c1516eb820e223fe979896b3,mainnet,13646567,1637338987,2021-11-19,2021-11
0x3f2d1bc6d02522dbcdb216b2e75edddafe04b16f,mainnet,13673495,1637706687,2021-11-23,2021-11
0xeda47e13fd1192e32226753dc2261c4a14908fb7,mainnet,13673820,1637710820,2021-11-23,2021-11
0x20e5e35ba29dc3b540a1aee781d0814d5c77bce6,mainnet,13707696,1638176567,2021-11-29,2021-11
0x42981d0bfbaf196529376ee702f2a9eb9092fcb5,bsc,13160203,1638538413,2021-12-03,2021-12
0x9210f1204b5a24742eba12f710636d76240df3d0,mainnet,13799621,1639434927,2021-12-13,2021-12
0x633fa755a83b015cccdc451f82c57ea0bd32b4b4,bsc,13431009,1639373524,2021-12-13,2021-12
0x6f40a3d0c89cffdc8a1af212a019c220a295e9bb,bsc,13454612,1639444799,2021-12-14,2021-12
0x824dcd7b044d60df2e89b1bb888e66d8bcf41491,mainnet,13806669,1639529917,2021-12-15,2021-12
0x7094e706e75e13d1e0ea237f71a7c4511e9d270b,mainnet,13936792,1641270344,2022-01-04,2022-01
0x6fb2020c236bbd5a7ddeb07e14c9298642253333,bsc,14361380,1642172757,2022-01-14,2022-01
0x79a7d3559d73ea032120a69e59223d4375deb595,mainnet,14034430,1642574715,2022-01-19,2022-01
0x94e06c77b02ade8341489ab9a23451f68c13ec1c,bsc,15153708,1644555915,2022-02-11,2022-02
0xd2933c86216dc0c938ffafeca3c8a2d6e633e2ca,mainnet,14210257,1644922178,2022-02-15,2022-02
0xd55f01b4b51b7f48912cd8ca3cdd8070a1a9dba5,bsc,15341135,1645119735,2022-02-17,2022-02
0x518281f34dbf5b76e6cdd3908a6972e8ec49e345,bsc,15479517,1645536080,2022-02-22,2022-02
0x759c6de5bca9ade8a1a2719a31553c4b7de02539,mainnet,14290678,1645997651,2022-02-27,2022-02
0x439cac149b935ae1d726569800972e1669d17094,mainnet,14304371,1646180663,2022-03-02,2022-03
0x0c6c80d2061afa35e160f3799411d83bdeea0a5a,mainnet,14338654,1646641575,2022-03-07,2022-03
0xe1747a23c44f445062078e3c528c9f4c28c50a51,bsc,15852858,1646660867,2022-03-07,2022-03
0xca11bde05977b3631167028862be2a173976ca11,bsc,15921452,1646867874,2022-03-09,2022-03
0xb3fb1d01b07a706736ca175f827e4f56021b85de,mainnet,14385979,1647277530,2022-03-14,2022-03
0x1e813fa05739bf145c1f182cb950da7af046778d,bsc,16052088,1647261680,2022-03-14,2022-03
0x025c6da5bd0e6a5dd1350fda9e3b6a614b205a1f,mainnet,14403861,1647517836,2022-03-17,2022-03
0x1befe6f3f0e8edd2d4d15cae97baee01e51ea4a4,bsc,16336055,1648120259,2022-03-24,2022-03
0x5dfc7f3ebbb9cbfe89bc3fb70f750ee229a59f8c,bsc,16453625,1648473828,2022-03-28,2022-03
0x8b7218cf6ac641382d7c723de8aa173e98a80196,bsc,16771540,1649436813,2022-04-08,2022-04
0xe7748fce1d1e2f2fd2dddb5074bd074745dda8ea,bsc,17102057,1650433572,2022-04-20,2022-04
0x5d94309e5a0090b165fa4181519701637b6daeba,mainnet,14629758,1650564005,2022-04-21,2022-04
0xf42c318dbfbaab0eee040279c6a2588fa01a961d,mainnet,14636831,1650659547,2022-04-22,2022-04
0xe48b75dc1b131fd3a8364b0580f76efd04cf6e9c,bsc,17690580,1652210338,2022-05-10,2022-05
0xa8987285e100a8b557f06a7889f79e0064b359f2,bsc,17821375,1652611304,2022-05-15,2022-05
0xa2b8a15a07385ea933088c6bcbb38b84c1051a58,bsc,18127305,1653536252,2022-05-26,2022-05
0xe39fd820b58f83205db1d9225f28105971c3d309,mainnet,14852275,1653628352,2022-05-27,2022-05
0xe732a7bd6706cbd6834b300d7c56a8d2096723a7,bsc,18243860,1653888956,2022-05-30,2022-05
0xd2869042e12a3506100af1d192b5b04d65137941,mainnet,14887950,1654130135,2022-06-02,2022-06
0x39360ac1239a0b98cb8076d4135d0f72b7fd9909,mainnet,14909173,1654433033,2022-06-05,2022-06
0x6666625ab26131b490e7015333f97306f05bf816,bsc,18442312,1654488213,2022-06-06,2022-06
0x9d6d817ea5d4a69ff4c4509bea8f9b2534cec108,bsc,18462245,1654548622,2022-06-06,2022-06
0x70678291bddfd95498d1214be368e19e882f7614,bsc,18885587,1655825598,2022-06-21,2022-06
0x6bc9b4976ba6f8c9574326375204ee469993d038,bsc,19101889,1656475686,2022-06-29,2022-06
0xe85a08cf316f695ebe7c13736c8cc38a7cc3e944,mainnet,15082870,1657028820,2022-07-05,2022-07
0x2287c04a15bb11ad1358ba5702c1c95e2d13a5e0,bsc,19450424,1657522555,2022-07-11,2022-07
0xf2919d1d80aff2940274014bef534f7791906ff2,mainnet,15169633,1658188079,2022-07-18,2022-07
0xe613c058701c768e0d04d1bf8e6a6dc1a0c6d48a,bsc,19663686,1658163140,2022-07-18,2022-07
0xeccd8b08ac3b587b7175d40fb9c60a20990f8d21,bsc,19716684,1658322363,2022-07-20,2022-07
0xfeafe253802b77456b4627f8c2306a9cebb5d681,bsc,19702096,1658278547,2022-07-20,2022-07
0xde59b88abefa5e6c8aa6d742eee0f887dab136ac,mainnet,15185923,1658406808,2022-07-21,2022-07
0xa4f5d4afd6b9226b3004dd276a9f778eb75f2e9e,bsc,19767439,1658475763,2022-07-22,2022-07
0x335ddce3f07b0bdafc03f56c1b30d3b269366666,bsc,19832554,1658672150,2022-07-24,2022-07
0x34bd6dba456bc31c2b3393e499fa10bed32a9370,bsc,19938531,1658991025,2022-07-28,2022-07
0x4e87880a72f6896e7e0a635a5838ffc89b13bd17,bsc,20004734,1659190472,2022-07-30,2022-07
0x1292267f726e6f313972ec4e14578735473e1649,bsc,20094292,1659459797,2022-08-02,2022-08
0x65f11b2de17c4af7a8f70858d6ccb63aac215697,bsc,20116696,1659527052,2022-08-03,2022-08
0x5f360c6b7b25dfbfa4f10039ea0f7ecfb9b02e60,mainnet,15314159,1660132148,2022-08-10,2022-08
0x9c87a5726e98f2f404cdd8ac8968e9b2c80c0967,mainnet,15388589,1661147992,2022-08-22,2022-08
0x3335a88bb18fd3b6824b59af62b50ce494143333,mainnet,15395828,1661247923,2022-08-23,2022-08
0x7e6c2522fee4e74a0182b9c6159048361bc3260a,bsc,20752536,1661436663,2022-08-25,2022-08
0x10bc28d2810dd462e16facff18f78783e859351b,bsc,20771762,1661494816,2022-08-26,2022-08
0x443195aa3a4357242a7427fc8ce5f20c1e71fcb1,bsc,20837907,1661693354,2022-08-28,2022-08
0xb84cbaf116eb90fd445dd5aeadfab3e807d2cbac,mainnet,15448210,1661970455,2022-08-31,2022-08
0x32b166e082993af6598a89397e82e123ca44e74e,bsc,21012040,1662216784,2022-09-03,2022-09
0x179aad597399b9ae078acfe2b746c09117799ca0,bsc,21034313,1662283603,2022-09-04,2022-09
0x2321537fd8ef4644bacdceec54e5f35bf44311fa,mainnet,15492833,1662588857,2022-09-07,2022-09
0xb75ca3c3e99747d0e2f6e75a9fbd17f5ac03cebe,bsc,21120156,1662542095,2022-09-07,2022-09
0x4ae2cd1f5b8806a973953b76f9ce6d5fab9cdcfd,mainnet,15497758,1662656206,2022-09-08,2022-09
0x007fe7c498a2cf30971ad8f2cbc36bd14ac51156,mainnet,15546728,1663338011,2022-09-16,2022-09
0x29b2525e11bc0b0e9e59f705f318601ea6756645,bsc,21404971,1663400043,2022-09-17,2022-09
0x02d841b976298dcd37ed6cc59f75d9dd39a3690c,bsc,21400096,1663385325,2022-09-17,2022-09
0x2409af0251dcb89ee3dee572629291f9b087c668,mainnet,15568883,1663606547,2022-09-19,2022-09
0x27539b1dee647b38e1b987c41c5336b1a8dce663,bsc,21542941,1663816940,2022-09-22,2022-09
0xcff086ead392ccb39c49ecda8c974ad5238452ac,bsc,21729726,1664382391,2022-09-28,2022-09
0x50ce56a3239671ab62f185704caedf626352741e,mainnet,15640902,1664477507,2022-09-29,2022-09
0xae191ca19f0f8e21d754c6cab99107ed62b6fe53,bsc,21781153,1664542278,2022-09-30,2022-09
0xbf5baea5113e9eb7009a6680747f2c7569dfc2d6,bsc,21782494,1664546388,2022-09-30,2022-09
0xea51801b8f5b88543ddad3d1727400c15b209d8f,bsc,21860074,1664781348,2022-10-03,2022-10
0x9cb928bf50ed220ac8f703bce35be5ce7f56c99c,bsc,21885412,1664860526,2022-10-04,2022-10
0xbdb515028a6fa6cd1634b5a9651184494abfd336,mainnet,15698164,1665169355,2022-10-07,2022-10
0xc6548caf18e20f88cc437a52b6d388b0d54d830d,bsc,22027989,1665322990,2022-10-09,2022-10
0x449fea37d339a11efe1b181e5d5462464bba3752,bsc,22110532,1665574777,2022-10-12,2022-10
0x46161158b1947d9149e066d6d31af1283b2d377c,mainnet,15747623,1665765887,2022-10-14,2022-10
0xe9bc03ef08e991a99f1bd095a8590499931dcc30,bsc,22251807,1666002759,2022-10-17,2022-10
0xae975a25646e6eb859615d0a147b909c13d31fed,bsc,22313585,1666190773,2022-10-19,2022-10
0x1231deb6f5749ef6ce6943a275a1d3e7486f4eae,mainnet,15788692,1666261427,2022-10-20,2022-10
0xcb3b879ab11f825885d5add8bf3672596d35197c,mainnet,15823160,1666677539,2022-10-25,2022-10
0xd248b30a3207a766d318c7a87f5cf334a439446d,mainnet,15919128,1667835935,2022-11-07,2022-11
0x4726010da871f4b57b5031e3ea48bde961f122aa,bsc,22904709,1667990286,2022-11-09,2022-11
0x4726010da871f4b57b5031e3ea48bde961f122aa,bsc,22904709,1667990286,2022-11-09,2022-11
0x863e572b215fd67c855d973f870266cf827aea5e,mainnet,15938114,1668065123,2022-11-10,2022-11
0x8a6f7834a9d60090668f5db33fec353a7fb4704b,bsc,22983991,1668232976,2022-11-12,2022-11
0x3aa2b9de4ce397d93e11699c3f07b769b210bbd5,bsc,23044981,1668418741,2022-11-14,2022-11
0xb4e47c13db187d54839cd1e08422af57e5348fc1,bsc,23048230,1668428662,2022-11-14,2022-11
0xe65e970f065643ba80e5822edff483a1d75263e3,bsc,23127430,1668670304,2022-11-17,2022-11
0xe445654f3797c5ee36406dbe88fbaa0dfbddb2bb,bsc,23316119,1669244579,2022-11-23,2022-11
0x9f72dc67cec672bb99e3d02cbea0a21536a2b657,mainnet,16091428,1669915487,2022-12-01,2022-12
0x638a98bbb92a7582d07c52ff407d49664dc8b3ee,mainnet,16088458,1669879631,2022-12-01,2022-12
0x26f1457f067bf26881f311833391b52ca871a4b5,bsc,23591237,1670082354,2022-12-03,2022-12
0xc1bb12560468fb255a8e8431bdf883cc4cb3d278,bsc,23608262,1670134865,2022-12-04,2022-12
0xddc0cff76bcc0ee14c3e73af630c029fe020f907,bsc,23674507,1670337524,2022-12-06,2022-12
0x2b806e6d78d8111dd09c58943b9855910bade005,bsc,23756334,1670589083,2022-12-09,2022-12
0xfd11aba71c06061f446ade4eec057179f19c23c4,mainnet,16167071,1670829275,2022-12-12,2022-12
0xa88800cd213da5ae406ce248380802bd53b47647,mainnet,16241236,1671724079,2022-12-22,2022-12
0xa3f5ea945c4970f48e322f1e70f4cc08e70039ee,bsc,24270221,1672156514,2022-12-27,2022-12
0xa44e79a2c9a8965e7a6fa77bf0ca8faf50e6c73e,mainnet,16377287,1673364311,2023-01-10,2023-01
0x2405913d54fc46eeaf3fb092bfb099f46803872f,mainnet,16385804,1673467163,2023-01-11,2023-01
0x64f291de10ecd36d5f7b64aaebc70943cface28e,bsc,24840557,1673886243,2023-01-16,2023-01
0xa5564a2d1190a141cac438c9fde686ac48a18a79,mainnet,16478628,1674586931,2023-01-24,2023-01
0x7259e152103756e1616a77ae982353c3751a6a90,mainnet,16520538,1675092527,2023-01-30,2023-01
0xa7b5eabc3ee82c585f5f4ccc26b81c3bd62ff3a9,bsc,25290354,1675254229,2023-02-01,2023-02
0x2c25aee99ed08a61e7407a5674bc2d1a72b5d8e3,bsc,25296856,1675274091,2023-02-01,2023-02
0x531110418d8591c92e9cbbfc722db8ffb604fafd,mainnet,16550113,1675449671,2023-02-03,2023-02
0x5e5e28029ef37fc97ffb763c4ac1f532bbd4c7a2,bsc,25390515,1675560077,2023-02-05,2023-02
0x4306b12f8e824ce1fa9604bbd88f2ad4f0fe3c54,mainnet,16578050,1675786763,2023-02-07,2023-02
0xde62e1b0edaa55aac5ffbe21984d321706418024,mainnet,16635649,1676482307,2023-02-15,2023-02
0x977087422c008233615b572fbc3f209ed300063a,bsc,25805166,1676818374,2023-02-19,2023-02
0xdbf1c56b2ad121fe705f9b68225378aa6784f3e5,bsc,25828091,1676888138,2023-02-20,2023-02
0xb0f8fe96b4880adbdede0ddf446bd1e7ef122c4e,mainnet,16673620,1676942915,2023-02-21,2023-02
0xb1da08c472567eb0ec19639b1822f578d39f3333,bsc,25944623,1677241454,2023-02-24,2023-02
0xf10bc5be84640236c71173d1809038af4ee19002,mainnet,16727572,1677598379,2023-02-28,2023-02
0x7bacb1c805cbbf7c4f74556a4b34fde7793d0887,bsc,26082349,1677659037,2023-03-01,2023-03
0xd3d4b46db01c006fb165879f343fc13174a1ceeb,bsc,26268689,1678223804,2023-03-07,2023-03
0xf573748637e0576387289f1914627d716927f90f,bsc,26500845,1678927602,2023-03-16,2023-03
0x5abde8b434133c98c36f4b21476791d95d888bf5,bsc,26532687,1679024501,2023-03-17,2023-03
0xf436f8fe7b26d87eb74e5446acec2e8ad4075e47,bsc,26681424,1679476244,2023-03-22,2023-03
0x84be9475051a08ee5364fba44de7fe83a5ecc4f1,bsc,26714214,1679575608,2023-03-23,2023-03
0x028c911c10c9e346158206991e02d09bd0a8a35b,bsc,26748613,1679679516,2023-03-24,2023-03
0x57db19127617b77c8abd9420b5a35502b59870d6,bsc,26912183,1680174526,2023-03-30,2023-03
0x044b75f554b886a065b9567891e45c79542d7357,mainnet,16980905,1680677219,2023-04-05,2023-04
0x6b869795937dd2b6f4e03d5a0ffd07a8ad8c095b,bsc,27223823,1681122288,2023-04-10,2023-04
0x8ce2f9286f50fbe2464bfd881fab8effc8dc584f,mainnet,17056652,1681613843,2023-04-16,2023-04
0x7b8c378df8650373d82ceb1085a18fe34031784f,bsc,27878239,1683091216,2023-05-03,2023-05
0x9a1aef8c9ada4224ad774afdac07c24955c92a54,bsc,27947265,1683298588,2023-05-05,2023-05
0x274b3e185c9c8f4ddef79cb9a8dc0d94f73a7675,bsc,28036129,1683565498,2023-05-08,2023-05
0xeaf83465025b4bf9020fdf9ea5fb6e71dc8a0779,bsc,28161159,1683941278,2023-05-13,2023-05
0x7b190a928aa76eece5cb3e0f6b3bdb24fcdd9b4f,mainnet,17300520,1684584203,2023-05-20,2023-05
0x8ebd6c7d2b79ca4dc5fbdec239a8bb0f214212b8,mainnet,17297533,1684548023,2023-05-20,2023-05
0x8bc6ce23e5e2c4f0a96429e3c9d482d74171215e,bsc,28431614,1684753996,2023-05-22,2023-05
0xdca503449899d5649d32175a255a8835a03e4006,bsc,28522657,1685027552,2023-05-25,2023-05
0x80121da952a74c06adc1d7f85a237089b57af347,bsc,28567466,1685162161,2023-05-27,2023-05
0xf3f1abae8bfeca054b330c379794a7bf84988228,bsc,28629200,1685347690,2023-05-29,2023-05
0xdd9b223aec6ea56567a62f21ff89585ff125632c,bsc,28635276,1685365934,2023-05-29,2023-05
0x700ee24c350739e323dcf6a50ae3e7a3329c86ae,bsc,28642109,1685386459,2023-05-29,2023-05
0xb3a636ac4c271e6cd962cad98eae9cf71f5a49c8,bsc,28665994,1685458228,2023-05-30,2023-05
0xb8dc09eec82cab2e86c7edc8dd5882dd92d22411,bsc,28655612,1685427017,2023-05-30,2023-05
0x85018cf6f53c8bbd03c3137e71f4fca226cda92c,mainnet,17405056,1685855015,2023-06-04,2023-06
0x6e799758cee75dae3d84e09d40dc416ecf713652,mainnet,17406765,1685875859,2023-06-04,2023-06
0xf7ef0d57277ad6c2babf87ab64ba61abdd2590d2,mainnet,17420911,1686048407,2023-06-06,2023-06
0xdb103fd28ca4b18115f5ce908baaeed7e0f1f101,bsc,28887589,1686124676,2023-06-07,2023-06
0xf075c5c7ba59208c0b9c41afccd1f60da9ec9c37,bsc,28898359,1686157076,2023-06-07,2023-06
0x369cbc5c6f139b1132d3b91b87241b37fc5b971f,mainnet,17438004,1686256859,2023-06-08,2023-06
0x2033b54b6789a963a02bfcbd40a46816770f1161,mainnet,17446157,1686356135,2023-06-10,2023-06
0xdec12a1dcbc1f741ccd02dfd862ab226f6383003,bsc,29033255,1686562518,2023-06-12,2023-06
0x1f006f43f57c45ceb3659e543352b4fae4662df7,mainnet,17484647,1686824351,2023-06-15,2023-06
0xed56784bc8f2c036f6b0d8e04cb83c253e4a6a94,bsc,29182874,1687012599,2023-06-17,2023-06
0x384b9fb6e42dab87f3023d87ea1575499a69998e,bsc,29167979,1686967718,2023-06-17,2023-06
0x1f415255f7e2a8546559a553e962de7bc60d7942,bsc,29231744,1687159648,2023-06-19,2023-06
0xaf0ca21363219c8f3d8050e7b61bb5f04e02f8d4,bsc,29347371,1687507711,2023-06-23,2023-06
0xaf0ca21363219c8f3d8050e7b61bb5f04e02f8d4,bsc,29347371,1687507711,2023-06-23,2023-06
0xfadda925e10d07430f5d7461689fd90d3d81bb48,bsc,29382007,1687611825,2023-06-24,2023-06
0x2b9bda587ee04fe51c5431709afbafb295f94bb4,bsc,29476398,1687895677,2023-06-27,2023-06
0x839b0afd0a0528ea184448e890cbaaffd99c1dbf,bsc,29525530,1688043577,2023-06-29,2023-06
0xbb787d6243a8d450659e09ea6fd82f1c859691e9,mainnet,17592111,1688128343,2023-06-30,2023-06
0xbb787d6243a8d450659e09ea6fd82f1c859691e9,mainnet,17592111,1688128343,2023-06-30,2023-06
0x800cfd4a2ba8ce93ea2cc814fce26c3635169017,mainnet,17670498,1689080039,2023-07-11,2023-07
0xd990094a611c3de34664dd3664ebf979a1230fc1,bsc,29896888,1689161260,2023-07-12,2023-07
0x48afbbd342f64ef8a9ab1c143719b63c2ad81710,mainnet,17687491,1689286631,2023-07-13,2023-07
0xb47955b5b7eaf49c815ebc389850eb576c460092,bsc,29970159,1689381659,2023-07-15,2023-07
0x493361d6164093936c86dcb35ad03b4c0d032076,bsc,30094550,1689755798,2023-07-19,2023-07
0x53fbcada1201a465740f2d64ecdf6fac425f9030,mainnet,17861190,1691388719,2023-08-07,2023-08
0x84524baa1951247b3a2617a843e6ece915bb9674,mainnet,17865066,1691435639,2023-08-07,2023-08
0x05999eb831ae28ca920ce645a5164fbdb1d74fe9,mainnet,17873233,1691534375,2023-08-08,2023-08
0x69422c7f237d70fcd55c218568a67d00dc4ea068,mainnet,17894510,1691791523,2023-08-11,2023-08
0xd672b766d66662f5c6fd798a999e1193a7945451,bsc,30769086,1691786013,2023-08-11,2023-08
0x37e42b961ae37883bac2fc29207a5f88efa5db66,bsc,31096495,1692771752,2023-08-23,2023-08
0x0fdfcfc398ccc90124a0a41d920d6e2d0bd8ccf5,bsc,31432294,1693782975,2023-09-03,2023-09
0x595eac4a0ce9b7175a99094680fbe55a774b5464,bsc,31523319,1694057998,2023-09-07,2023-09
0x9ab6b21cdf116f611110b048987e58894786c244,mainnet,18127534,1694609939,2023-09-13,2023-09
0xb000f121a173d7dd638bb080fee669a2f3af9760,bsc,31842192,1695017370,2023-09-18,2023-09
0xc98e183d2e975f0567115cb13af893f0e3c0d0bd,bsc,31872343,1695107993,2023-09-19,2023-09
0xa62f9c5af106feee069f38de51098d9d81b90572,mainnet,18203833,1695536423,2023-09-24,2023-09
0x12b3b6b1055b8ad1ae8f60a0b6c79a9825bcb4bc,bsc,32077307,1695724505,2023-09-26,2023-09
0xe4764f9cd8ecc9659d3abf35259638b20ac536e4,mainnet,18266280,1696291055,2023-10-02,2023-10
0xcc61cc9f2632314c9d452aca79104ddf680952b5,bsc,32331878,1696490820,2023-10-05,2023-10
0xbaa87546cf87b5de1b0b52353a86792d40b8ba70,mainnet,18291584,1696596803,2023-10-06,2023-10
0x49ad262c49c7aa708cc2df262ed53b64a17dd5ee,mainnet,18341948,1697205827,2023-10-13,2023-10
0x47ddb6a433b76117a98fbeab5320d8b67d468e31,mainnet,18391304,1697802095,2023-10-20,2023-10
0x5fdbcd61bc9bd4b6d3fd1f49a5d253165ea11750,mainnet,18435429,1698335891,2023-10-26,2023-10
0xd74f28c6e0e2c09881ef2d9445f158833c174775,bsc,33107687,1698826942,2023-11-01,2023-11
0x8390a1da07e376ef7add4be859ba74fb83aa02d5,mainnet,18496252,1699071551,2023-11-04,2023-11
0x13b1f2e227ca6f8e08ac80368fd637f5084f10a5,bsc,33259271,1699283200,2023-11-06,2023-11
0x40c31236b228935b0329eff066b1ad96e319595e,mainnet,18571688,1699983551,2023-11-14,2023-11
0x570ce7b89c67200721406525e1848bca6ff5a6f3,bsc,33502676,1700016232,2023-11-15,2023-11
0xbc452fdc8f851d7c5b72e1fe74dfb63bb793d511,mainnet,18628345,1700669051,2023-11-22,2023-11
0x5813d7818c9d8f29a9a96b00031ef576e892def4,bsc,33707691,1700633632,2023-11-22,2023-11
0x6844ef18012a383c14e9a76a93602616ee9d6132,bsc,33708809,1700636998,2023-11-22,2023-11
0x4826e896e39dc96a8504588d21e9d44750435e2d,bsc,33856519,1701081729,2023-11-27,2023-11
0xcd6ca2f0d0c182c5049d9a1f65cde51a706ae142,mainnet,18698002,1701511451,2023-12-02,2023-12
0x37e49bf3749513a02fa535f0cbc383796e8107e4,mainnet,18708240,1701635315,2023-12-03,2023-12
0x88b3eb62e363d9f153beab49c5c2ef2e785a375a,bsc,34142211,1701941227,2023-12-07,2023-12
0x7dda132dd57b773a94e27c5caa97834a73510429,bsc,34231165,1702208552,2023-12-10,2023-12
0xdbb20a979a92cccce15229e41c9b082d5b5d7e31,mainnet,18772730,1702415867,2023-12-12,2023-12
0xd188492217f09d18f2b0ece3f8948015981e961a,bsc,34478892,1702954890,2023-12-19,2023-12
0xbbbbbbbbbb9cc5e90e3b3af64bdaf62c37eeffcb,mainnet,18883124,1703754563,2023-12-28,2023-12
0xb38c2d2d6a168d41aa8eb4cead47e01badbdcf57,bsc,34749171,1703768054,2023-12-28,2023-12
0x364f17a23ae4350319b7491224d10df5796190bc,mainnet,18891345,1703854199,2023-12-29,2023-12
0xa2268fcc2fe7a2bb755fbe5a7b3ac346ddfedb9b,bsc,34976094,1704450156,2024-01-05,2024-01
0xcc5fda5e3ca925bd0bb428c8b2669496ee43067e,mainnet,18995829,1705123019,2024-01-13,2024-01
0x3541499cda8ca51b24724bb8e7ce569727406e04,mainnet,19035140,1705597763,2024-01-18,2024-01
0xffadb0bba4379dfabfb20ca6823f6ec439429ec2,mainnet,19066941,1705983371,2024-01-23,2024-01
0xfd80a436da2f4f4c42a5dbfa397064cfeb7d9508,bsc,35527124,1706107085,2024-01-24,2024-01
0x31bfa137c76561ef848c2af9ca301b60451caac0,bsc,35553391,1706186011,2024-01-25,2024-01
0x664201579057f50d23820d20558f4b61bd80bdda,bsc,35561502,1706210377,2024-01-25,2024-01
0x04c80bb477890f3021f03b068238836ee20aa0b8,mainnet,19090907,1706273675,2024-01-26,2024-01
0xf2c8e860ca12cde3f3195423ecf54427a4f30916,mainnet,19117697,1706598059,2024-01-30,2024-01
0x4fb9657ac5d311dd54b37a75cfb873b127eb21fd,bsc,35848296,1707072402,2024-02-04,2024-02
0xddadf1bf44363d07e750c20219c2347ed7d826b9,mainnet,19184524,1707408395,2024-02-08,2024-02
0xc0afd0e40bb3dcaebd9451aa5c319b745bf792b4,bsc,35957564,1707400737,2024-02-08,2024-02
0xedecfa18cae067b2489a2287784a543069f950f4,bsc,35984440,1707481555,2024-02-09,2024-02
0xe77ec1bf3a5c95bfe3be7bdbacfe3ac1c7e454cd,mainnet,19206955,1707680423,2024-02-11,2024-02
0x52d69c67536f55efefe02941868e5e762538dbd6,mainnet,19211407,1707734375,2024-02-12,2024-02
0x4e34dd25dbd367b1bf82e1b5527dbbe799fad0d0,mainnet,19213660,1707761651,2024-02-12,2024-02
0x2ba9d4a8c41c60b71ff7df2c3f54b008644b954e,bsc,36069450,1707737020,2024-02-12,2024-02
0xfe380fe1db07e531e3519b9ae3ea9f7888ce20c6,mainnet,19244002,1708129427,2024-02-17,2024-02
0x65c210c59b43eb68112b7a4f75c8393c36491f06,mainnet,19264402,1708377527,2024-02-19,2024-02
0xb57e874082417b66877429481473cf9fcd8e0b8a,mainnet,19277527,1708536623,2024-02-21,2024-02
0x8584ddbd1e28bca4bc6fb96bafe39f850301940e,mainnet,19391731,1709916407,2024-03-08,2024-03
0x1ac5fac863c0a026e029b173f2ae4d33938ab473,bsc,36828220,1710017802,2024-03-09,2024-03
0xd309f0fd5c3b90ecfb7024ede7d329d9582492c5,bsc,36844517,1710066786,2024-03-10,2024-03
0xde698b5bbb4a12ddf2261bbdf8e034af34399999,bsc,36880062,1710173567,2024-03-11,2024-03
0x46f54d434063e5f1a2b2cc6d9aaa657b1b9ff82c,mainnet,19477071,1710951731,2024-03-20,2024-03
0xa5957e0e2565dc93880da7be32abcbdf55788888,bsc,37214548,1711179777,2024-03-23,2024-03
0xe5c6f5fef89b64f36bfccb063962820136bac42f,mainnet,19568110,1712060855,2024-04-02,2024-04
0x3da4828640ad831f3301a4597821cc3461b06678,bsc,37673737,1712560122,2024-04-08,2024-04
0x80a0d7a6fd2a22982ce282933b384568e5c852bf,bsc,37761305,1712823360,2024-04-11,2024-04
0xee6de822159765daf0fd72d71529d7ab026ec2f2,bsc,37762488,1712826916,2024-04-11,2024-04
0xe8a290c6fc6fa6c0b79c9cfae1878d195aeb59af,bsc,37789798,1712908979,2024-04-12,2024-04
0x047d41f2544b7f63a8e991af2068a363d210d6da,mainnet,19645601,1712998547,2024-04-13,2024-04
0xbcbcb0e7e28414e084c4a40c1ccc30b75629a7de,bsc,37828186,1713024414,2024-04-13,2024-04
0x11cee747faaf0c0801075253ac28ab503c888888,bsc,37852920,1713098859,2024-04-14,2024-04
0x810f4c6ae97bcc66da5ae6383cc31bd3670f6d13,bsc,37874409,1713163426,2024-04-15,2024-04
0xa608985f5b40cdf6862bec775207f84280a91e3a,bsc,38108028,1713865554,2024-04-23,2024-04
0x4edda16ab4f4cc46b160abc42763ba63885862a4,bsc,38105870,1713859068,2024-04-23,2024-04
0xef1f39d8391cddcaee62b8b383cb992f46a6ce4f,bsc,38391440,1714717330,2024-05-03,2024-05
0xf51cbf9f8e089ca48e454eb79731037a405972ce,bsc,38535713,1715150876,2024-05-08,2024-05
0xa6447f6156effd23ec3b57d5edd978349e4e192d,mainnet,19874775,1715768795,2024-05-15,2024-05
0xdf4895cd8247284ae3a7b3e28cf6c03113fada5f,bsc,38738689,1715761142,2024-05-15,2024-05
0x80df77b2ae5828ff499a735ee823d6cd7cf95f5a,bsc,38776799,1715875805,2024-05-16,2024-05
0x71e3056aa4985de9f5441f079e6c74454a3c95f0,bsc,39063510,1716737929,2024-05-26,2024-05
0x9601313572ecd84b6b42dbc3e47bc54f8177558e,bsc,39230729,1717240987,2024-06-01,2024-06
0x35d8949372d46b7a3d5a56006ae77b215fc69bc0,mainnet,20025769,1717592195,2024-06-05,2024-06
0xb7d0a1adafa3e9e8d8e244c20b6277bee17a09b6,bsc,39363735,1717641179,2024-06-06,2024-06
0xa1ce40702e15d0417a6c74d0bab96772f36f4e99,mainnet,20057841,1717979219,2024-06-10,2024-06
0x9f54e8eaa9658316bb8006e03fff1cb191aafbe6,mainnet,20084065,1718295743,2024-06-13,2024-06
0x2607118d363789f841d952f02e359bfa483955f9,bsc,39645570,1718489801,2024-06-15,2024-06
0x2b45dd1d909c01aad96fa6b67108d691b432f351,bsc,39824468,1719029209,2024-06-22,2024-06
0x566777ed780dbbe17c130ae97b9fbc0a3ab829df,bsc,39918426,1719312771,2024-06-25,2024-06
0x56ff4afd909aa66a1530fe69bf94c74e6d44500c,mainnet,20175105,1719395771,2024-06-26,2024-06
0x3d20601ac0ba9cae4564ddf7870825c505b69f1a,mainnet,20191518,1719593783,2024-06-28,2024-06
0x35f5cef517317694df8c50c894080caa8c92af7d,bsc,40022385,1719625953,2024-06-29,2024-06
0xabc6e5a63689b8542dbdc4b4f39a7e00d4ac30c8,bsc,40257663,1720334015,2024-07-07,2024-07
0x2b083beaac310cc5e190b1d2507038ccb03e7606,mainnet,20305978,1720974971,2024-07-14,2024-07
0xf3f84ce038442ae4c4dcb6a8ca8bacd7f28c9bde,mainnet,20307036,1720987763,2024-07-14,2024-07
0x7057f3b0f4d0649b428f0d8378a8a0e7d21d36a7,bsc,40807551,1721988896,2024-07-26,2024-07
0xbe779d420b7d573c08eee226b9958737b6218888,bsc,40870445,1722177996,2024-07-28,2024-07
0xe3a0bc3483ae5a04db7ef2954315133a6f7d228e,mainnet,20412525,1722259787,2024-07-29,2024-07
0x18775475f50557b96c63e8bbf7d75bfeb412082d,mainnet,20867548,1727748371,2024-10-01,2024-10
0xd1456d1b9ceb59abd4423a49d40942a9485ceef6,mainnet,20899316,1728131063,2024-10-05,2024-10
0x280a8955a11fcd81d72ba1f99d265a48ce39ac2e,mainnet,21055969,1730020091,2024-10-27,2024-10
0xd511096a73292a7419a94354d4c1c73e8a3cd851,bsc,43799792,1730980070,2024-11-07,2024-11
0xa7e92345ddf541aa5cf60fee2a0e721c50ca1adb,bsc,44228584,1732266513,2024-11-22,2024-11
0x061944c0f3c2d7dabafb50813efb05c4e0c952e1,bsc,44265647,1732377707,2024-11-23,2024-11
0x2ff960f1d9af1a6368c2866f79080c1e0b253997,bsc,44741641,1733805842,2024-12-10,2024-12
0x5d16b8ba2a9a4eca6126635a6ffbf05b52727d50,mainnet,21438308,1734632327,2024-12-19,2024-12
0x05641e33fd15baf819729df55500b07b82eb8e89,mainnet,21516710,1735578803,2024-12-30,2024-12
0xeab0d46682ac707a06aefb0ac72a91a3fd6fe5d1,bsc,45347025,1735622224,2024-12-31,2024-12
0x6bbef6df8db12667ae88519090984e4f871e5feb,bsc,45404983,1735796110,2025-01-02,2025-01
0xb040d88e61ea79a1289507d56938a6ad9955349c,bsc,45435948,1735889006,2025-01-03,2025-01
0x0fc91b6fea2e7a827a8c99c91101ed36c638521b,bsc,45440666,1735903162,2025-01-03,2025-01
0x1962b3356122d6a56f978e112d14f5e23a25037d,bsc,45480700,1736023271,2025-01-04,2025-01
0xd8791f0c10b831b605c5d48959eb763b266940b9,bsc,45700765,1736683566,2025-01-12,2025-01
0x42e2773508e2ae8ff9434bea599812e28449e2cd,bsc,45820763,1737043575,2025-01-16,2025-01
0xc10e0319337c7f83342424df72e73a70a29579b2,bsc,45844065,1737113482,2025-01-17,2025-01
0x09762e00ce0de8211f7002f70759447b1f2b1892,bsc,47165387,1741077745,2025-03-04,2025-03
0x76ea342bc038d665e8a116392c82552d2605eda1,mainnet,21989581,1741285031,2025-03-06,2025-03
0xe9c4d4f095c7943a9ef5ec01afd1385d011855a1,bsc,47451901,1741937353,2025-03-14,2025-03
0x67ca347e7b9387af4e81c36cca4eaf080dcb33e9,bsc,47597926,1742375453,2025-03-19,2025-03
0x7fdff64bf87bad52e6430bda30239bd182389ee3,bsc,47805080,1742996994,2025-03-26,2025-03
0x99855380e5f48db0a6babeae312b80885a816dce,bsc,49253299,1746623034,2025-05-07,2025-05
0xdbead75d3610209a093af1d46d5296bbeffd53f5,bsc,49865166,1747541119,2025-05-18,2025-05
0x746727fc8212ed49510a2cb81ab0486ee6954444,bsc,49942552,1747657205,2025-05-19,2025-05
0x3612e4cb34617bcac849add27366d8d85c102efd,bsc,50232689,1748092520,2025-05-24,2025-05
0xf4a21ac7e51d17a0e1c8b59f7a98bb7a97806f14,mainnet,22638727,1749130367,2025-06-05,2025-06
0x37ea5f691bce8459c66ffceeb9cf34ffa32fdadc,mainnet,22762888,1750630439,2025-06-22,2025-06
0x3da0f00d5c4e544924bc7282e18497c4a4c92046,bsc,52027651,1750785794,2025-06-24,2025-06
0x6e90c85a495d54c6d7e1f3400fef1f6e59f86bd6,mainnet,22784988,1750897127,2025-06-26,2025-06
0xb192d4a737430aa61cea4ce9bfb6432f7d42592f,bsc,52396796,1751295381,2025-06-30,2025-06
0xc321ac21a07b3d593b269acdace69c3762ca2dd0,bsc,52727279,1751543260,2025-07-03,2025-07
0x21ab8943380b752306abf4d49c203b011a89266b,bsc,57309011,1754979847,2025-08-12,2025-08
0x1bc016c00f8d603c41a582d5da745905b9d034e5,bsc,58588108,1755939316,2025-08-23,2025-08
